[
  {
    "id": "c_01",
    "name": "张骑手",
    "status": "IDLE",
    "lat": 22.300,
    "lng": 114.171,
    "speedKmh": 18,
    "phone": "13800138001",
    "rating": 4.9,
    "completedOrders": 3245,
    "onTimeRate": 0.98
  },
  {
    "id": "c_02",
    "name": "李配送",
    "status": "IDLE",
    "lat": 22.306,
    "lng": 114.168,
    "speedKmh": 20,
    "phone": "13800138002",
    "rating": 4.8,
    "completedOrders": 2876,
    "onTimeRate": 0.96
  },
  {
    "id": "c_03",
    "name": "王快递",
    "status": "IDLE",
    "lat": 22.304,
    "lng": 114.174,
    "speedKmh": 19,
    "phone": "13800138003",
    "rating": 4.7,
    "completedOrders": 4102,
    "onTimeRate": 0.95
  },
  {
    "id": "c_04",
    "name": "刘送达",
    "status": "IDLE",
    "lat": 22.301,
    "lng": 114.169,
    "speedKmh": 17,
    "phone": "13800138004",
    "rating": 4.9,
    "completedOrders": 3567,
    "onTimeRate": 0.97
  },
  {
    "id": "c_05",
    "name": "陈外卖",
    "status": "IDLE",
    "lat": 22.303,
    "lng": 114.176,
    "speedKmh": 21,
    "phone": "13800138005",
    "rating": 4.8,
    "completedOrders": 2934,
    "onTimeRate": 0.96
  }
]
