[
  {
    "id": "m_9001",
    "restaurantId": "r_101",
    "name": "水煮牛肉",
    "price": 68,
    "tags": ["spicy", "beef", "hot"],
    "description": "正宗川味，麻辣鲜香",
    "image": "/images/dishes/shuizhuniurou.jpg",
    "monthSales": 856,
    "rating": 4.8
  },
  {
    "id": "m_9002",
    "restaurantId": "r_205",
    "name": "鸡排饭",
    "price": 55,
    "tags": ["crispy", "chicken", "rice"],
    "description": "酥脆鸡排配香喷喷的米饭",
    "image": "/images/dishes/chipai.jpg",
    "monthSales": 1204,
    "rating": 4.7
  },
  {
    "id": "m_9003",
    "restaurantId": "r_101",
    "name": "宫保鸡丁",
    "price": 58,
    "tags": ["spicy", "chicken", "classic"],
    "description": "经典川菜，酸甜微辣",
    "image": "/images/dishes/gongbaojiding.jpg",
    "monthSales": 623,
    "rating": 4.6
  },
  {
    "id": "m_9004",
    "restaurantId": "r_330",
    "name": "虾饺",
    "price": 38,
    "tags": ["dimsum", "shrimp", "steamed"],
    "description": "晶莹剔透，鲜虾饱满",
    "image": "/images/dishes/xiajiao.jpg",
    "monthSales": 987,
    "rating": 4.9
  },
  {
    "id": "m_9005",
    "restaurantId": "r_330",
    "name": "叉烧包",
    "price": 32,
    "tags": ["dimsum", "pork", "steamed"],
    "description": "皮薄馅多，香甜软糯",
    "image": "/images/dishes/chashaobao.jpg",
    "monthSales": 756,
    "rating": 4.7
  },
  {
    "id": "m_9006",
    "restaurantId": "r_402",
    "name": "三文鱼刺身",
    "price": 98,
    "tags": ["sushi", "salmon", "fresh"],
    "description": "新鲜三文鱼，入口即化",
    "image": "/images/dishes/salmon.jpg",
    "monthSales": 445,
    "rating": 4.9
  },
  {
    "id": "m_9007",
    "restaurantId": "r_402",
    "name": "加州卷",
    "price": 45,
    "tags": ["sushi", "crab", "roll"],
    "description": "经典寿司卷，口感丰富",
    "image": "/images/dishes/california.jpg",
    "monthSales": 678,
    "rating": 4.6
  },
  {
    "id": "m_9008",
    "restaurantId": "r_515",
    "name": "重庆小面",
    "price": 18,
    "tags": ["noodles", "spicy", "fast"],
    "description": "麻辣鲜香，劲道爽滑",
    "image": "/images/dishes/xiaomian.jpg",
    "monthSales": 1523,
    "rating": 4.8
  },
  {
    "id": "m_9009",
    "restaurantId": "r_515",
    "name": "红油抄手",
    "price": 22,
    "tags": ["wonton", "spicy", "traditional"],
    "description": "皮薄馅嫩，红油飘香",
    "image": "/images/dishes/chaoshou.jpg",
    "monthSales": 892,
    "rating": 4.7
  },
  {
    "id": "m_9010",
    "restaurantId": "r_205",
    "name": "卤肉饭",
    "price": 35,
    "tags": ["pork", "rice", "taiwanese"],
    "description": "肥而不腻，香气扑鼻",
    "image": "/images/dishes/lurou.jpg",
    "monthSales": 1105,
    "rating": 4.8
  }
]
