[
  {
    "id": "r_101",
    "name": "川味食堂",
    "lat": 22.302,
    "lng": 114.172,
    "cuisine": ["sichuan", "spicy"],
    "avgPrepMin": 12,
    "onTimeRate": 0.94,
    "rating": 4.7,
    "address": "深圳市南山区科技园南路",
    "phone": "0755-12345678",
    "deliveryFee": 3,
    "minOrder": 20,
    "status": "OPEN"
  },
  {
    "id": "r_205",
    "name": "便当屋",
    "lat": 22.304,
    "lng": 114.169,
    "cuisine": ["taiwanese", "fast"],
    "avgPrepMin": 9,
    "onTimeRate": 0.96,
    "rating": 4.6,
    "address": "深圳市南山区高新南一道",
    "phone": "0755-87654321",
    "deliveryFee": 2,
    "minOrder": 15,
    "status": "OPEN"
  },
  {
    "id": "r_330",
    "name": "粤式茶餐厅",
    "lat": 22.305,
    "lng": 114.175,
    "cuisine": ["cantonese", "dimsum"],
    "avgPrepMin": 15,
    "onTimeRate": 0.92,
    "rating": 4.8,
    "address": "深圳市南山区科苑路",
    "phone": "0755-11223344",
    "deliveryFee": 4,
    "minOrder": 25,
    "status": "OPEN"
  },
  {
    "id": "r_402",
    "name": "日式料理",
    "lat": 22.300,
    "lng": 114.170,
    "cuisine": ["japanese", "sushi"],
    "avgPrepMin": 18,
    "onTimeRate": 0.95,
    "rating": 4.9,
    "address": "深圳市南山区科技中二路",
    "phone": "0755-99887766",
    "deliveryFee": 5,
    "minOrder": 30,
    "status": "OPEN"
  },
  {
    "id": "r_515",
    "name": "重庆小面",
    "lat": 22.303,
    "lng": 114.173,
    "cuisine": ["sichuan", "noodles"],
    "avgPrepMin": 8,
    "onTimeRate": 0.97,
    "rating": 4.5,
    "address": "深圳市南山区深南大道",
    "phone": "0755-55667788",
    "deliveryFee": 2,
    "minOrder": 12,
    "status": "OPEN"
  }
]
