{
  "o_555": {
    "pickup": {
      "lat": 22.302,
      "lng": 114.172,
      "name": "川味食堂"
    },
    "drop": {
      "lat": 22.301,
      "lng": 114.172,
      "name": "用户Sam家"
    },
    "path": [
      [22.3020, 114.1720],
      [22.3022, 114.1718],
      [22.3025, 114.1716],
      [22.3019, 114.1715],
      [22.3015, 114.1717],
      [22.3012, 114.1719],
      [22.3010, 114.1720]
    ],
    "estimatedMinutes": 8,
    "distanceKm": 1.2
  },
  "o_556": {
    "pickup": {
      "lat": 22.304,
      "lng": 114.169,
      "name": "便当屋"
    },
    "drop": {
      "lat": 22.305,
      "lng": 114.170,
      "name": "用户Alice公司"
    },
    "path": [
      [22.3040, 114.1690],
      [22.3042, 114.1692],
      [22.3045, 114.1695],
      [22.3048, 114.1698],
      [22.3050, 114.1700]
    ],
    "estimatedMinutes": 6,
    "distanceKm": 0.8
  },
  "o_557": {
    "pickup": {
      "lat": 22.305,
      "lng": 114.175,
      "name": "粤式茶餐厅"
    },
    "drop": {
      "lat": 22.303,
      "lng": 114.175,
      "name": "用户Bob家"
    },
    "path": [
      [22.3050, 114.1750],
      [22.3048, 114.1750],
      [22.3045, 114.1750],
      [22.3042, 114.1750],
      [22.3040, 114.1750],
      [22.3035, 114.1750],
      [22.3030, 114.1750]
    ],
    "estimatedMinutes": 10,
    "distanceKm": 2.2
  },
  "o_558": {
    "pickup": {
      "lat": 22.300,
      "lng": 114.170,
      "name": "日式料理"
    },
    "drop": {
      "lat": 22.305,
      "lng": 114.170,
      "name": "用户Alice公司"
    },
    "path": [
      [22.3000, 114.1700],
      [22.3010, 114.1700],
      [22.3020, 114.1700],
      [22.3030, 114.1700],
      [22.3040, 114.1700],
      [22.3050, 114.1700]
    ],
    "estimatedMinutes": 12,
    "distanceKm": 2.5
  },
  "o_559": {
    "pickup": {
      "lat": 22.303,
      "lng": 114.173,
      "name": "重庆小面"
    },
    "drop": {
      "lat": 22.301,
      "lng": 114.172,
      "name": "用户Sam家"
    },
    "path": [
      [22.3030, 114.1730],
      [22.3028, 114.1728],
      [22.3025, 114.1725],
      [22.3022, 114.1723],
      [22.3018, 114.1722],
      [22.3015, 114.1721],
      [22.3010, 114.1720]
    ],
    "estimatedMinutes": 7,
    "distanceKm": 1.0
  }
}
