[
  {
    "id": "u_001",
    "name": "用户Sam",
    "tastes": ["sichuan", "spicy", "noodles"],
    "homeLat": 22.301,
    "homeLng": 114.172,
    "phone": "13900139001",
    "addresses": [
      {
        "id": "addr_001",
        "label": "家",
        "name": "Sam",
        "phone": "13900139001",
        "address": "深圳市南山区科技园北区",
        "lat": 22.301,
        "lng": 114.172,
        "isDefault": true
      }
    ],
    "orderHistory": ["r_101", "r_515", "r_101"],
    "createdAt": 1672531200000
  },
  {
    "id": "u_002",
    "name": "用户Alice",
    "tastes": ["japanese", "sushi", "fresh"],
    "homeLat": 22.305,
    "homeLng": 114.170,
    "phone": "13900139002",
    "addresses": [
      {
        "id": "addr_002",
        "label": "公司",
        "name": "Alice",
        "phone": "13900139002",
        "address": "深圳市南山区高新南一道",
        "lat": 22.305,
        "lng": 114.170,
        "isDefault": true
      }
    ],
    "orderHistory": ["r_402", "r_330", "r_402"],
    "createdAt": 1672617600000
  },
  {
    "id": "u_003",
    "name": "用户Bob",
    "tastes": ["cantonese", "dimsum", "traditional"],
    "homeLat": 22.303,
    "homeLng": 114.175,
    "phone": "13900139003",
    "addresses": [
      {
        "id": "addr_003",
        "label": "家",
        "name": "Bob",
        "phone": "13900139003",
        "address": "深圳市南山区科苑路",
        "lat": 22.303,
        "lng": 114.175,
        "isDefault": true
      }
    ],
    "orderHistory": ["r_330", "r_205", "r_330"],
    "createdAt": 1672704000000
  }
]
